column,value,rows,train_fraud_rate_%,odds_multiplier
transaction_amount,1-50,7595,1.12,0.74
transaction_amount,51-100,4067,1.06,0.86
transaction_amount,101-250,4071,1.3,1.02
transaction_amount,251-500,2138,2.39,1.56
transaction_amount,501-1000,1146,5.41,2.43
transaction_amount,1001-2500,630,6.51,2.54
transaction_amount,>2500,353,5.1,2.26
transaction_hour,0-4,4269,2.6,1.21
transaction_hour,5-8,3163,1.49,1.01
transaction_hour,9-12,3423,1.43,0.87
transaction_hour,13-16,3410,1.55,0.88
transaction_hour,17-20,3335,1.62,0.92
transaction_hour,21-23,2400,1.62,1.15
transactions_last_24h,1-3,6592,1.21,0.98
transactions_last_24h,4-6,10263,1.43,0.98
transactions_last_24h,7-9,2471,1.74,0.99
transactions_last_24h,10-12,264,6.44,1.06
transactions_last_24h,13-15,34,23.53,1.68
transactions_last_24h,>15,217,24.42,2.92
transactions_last_24h,missing,159,3.14,1.93
spend_last_24h,0-100,5312,1.04,0.94
spend_last_24h,101-250,5414,1.0,0.97
spend_last_24h,251-500,3586,1.12,0.95
spend_last_24h,501-1000,2570,2.26,1.02
spend_last_24h,1001-2500,2174,3.73,1.15
spend_last_24h,>2500,812,7.51,1.44
spend_last_24h,missing,132,3.03,0.85
account_age,1-30,749,4.27,1.63
account_age,31-90,1819,4.45,1.97
account_age,91-180,1117,3.58,1.68
account_age,181-365,1549,1.74,1.17
account_age,366-730,4120,1.04,0.92
account_age,731-1825,6944,1.17,0.84
account_age,>1825,3565,1.29,0.77
account_age,missing,137,2.19,1.3
new_device,0,18076,1.21,0.9
new_device,1,1800,7.5,3.08
new_device,missing,124,0.0,0.68
transactions_last_1h,0,8659,1.37,0.97
transactions_last_1h,1,7353,1.31,0.97
transactions_last_1h,2,2659,1.32,0.98
transactions_last_1h,3,721,3.33,1.33
transactions_last_1h,4,226,10.18,2.13
transactions_last_1h,5-6,116,25.86,2.53
transactions_last_1h,>6,124,17.74,1.68
transactions_last_1h,missing,142,2.82,0.92
merchant_category,NA,113,0.0,0.82
merchant_category,cash_transfer,1498,4.74,1.22
merchant_category,electronics,1524,3.94,1.2
merchant_category,entertainment,1407,1.0,1.1
merchant_category,food_delivery,2304,1.65,1.11
merchant_category,gaming,1339,1.57,1.09
merchant_category,grocery,3566,0.76,0.85
merchant_category,luxury,586,5.29,1.1
merchant_category,retail,2601,0.96,0.85
merchant_category,transport,2387,0.88,0.86
merchant_category,travel,1094,2.38,1.09
merchant_category,utilities,1581,1.2,1.17
country,AU,584,2.91,1.13
country,GB,505,3.17,1.13
country,ID,840,4.05,1.13
country,JP,382,3.4,1.13
country,MY,1225,1.47,0.99
country,NA,107,0.93,1.12
country,PH,581,3.44,1.12
country,SG,13931,1.31,0.96
country,TH,644,1.71,1.13
country,US,693,3.17,1.13
country,VN,508,3.74,1.13
transaction_channel,NA,123,3.25,1.46
transaction_channel,bank_transfer,2009,2.84,1.15
transaction_channel,card_present,7189,1.02,0.82
transaction_channel,ecommerce,5507,2.4,1.1
transaction_channel,mobile_app,5172,1.68,1.12
