column,value,rows,fraud_rate_%
transaction_amount,"(0.0, 50.0]",7595,1.12
transaction_amount,"(100.0, 250.0]",4071,1.3
transaction_amount,"(1000.0, 2500.0]",630,6.51
transaction_amount,"(250.0, 500.0]",2138,2.39
transaction_amount,"(2500.0, inf]",353,5.1
transaction_amount,"(50.0, 100.0]",4067,1.06
transaction_amount,"(500.0, 1000.0]",1146,5.41
transaction_hour,0,842,2.38
transaction_hour,1,841,2.97
transaction_hour,10,883,1.59
transaction_hour,11,871,1.38
transaction_hour,12,839,2.03
transaction_hour,13,880,1.93
transaction_hour,14,819,1.34
transaction_hour,15,850,1.06
transaction_hour,16,861,1.86
transaction_hour,17,863,1.85
transaction_hour,18,828,1.45
transaction_hour,19,785,1.02
transaction_hour,2,804,3.36
transaction_hour,20,859,2.1
transaction_hour,21,831,0.48
transaction_hour,22,785,1.4
transaction_hour,23,784,3.06
transaction_hour,3,923,2.38
transaction_hour,4,859,1.98
transaction_hour,5,821,0.73
transaction_hour,6,765,1.96
transaction_hour,7,809,2.1
transaction_hour,8,768,1.17
transaction_hour,9,830,0.72
transactions_last_24h,1.0,790,1.01
transactions_last_24h,10.0,145,3.45
transactions_last_24h,11.0,77,7.79
transactions_last_24h,12.0,42,14.29
transactions_last_24h,13.0,21,14.29
transactions_last_24h,14.0,8,50.0
transactions_last_24h,15.0,5,20.0
transactions_last_24h,16.0,23,30.43
transactions_last_24h,17.0,34,14.71
transactions_last_24h,18.0,18,22.22
transactions_last_24h,19.0,16,12.5
transactions_last_24h,2.0,2263,1.41
transactions_last_24h,20.0,13,23.08
transactions_last_24h,21.0,13,38.46
transactions_last_24h,22.0,22,31.82
transactions_last_24h,23.0,21,28.57
transactions_last_24h,24.0,22,36.36
transactions_last_24h,25.0,7,28.57
transactions_last_24h,26.0,14,0.0
transactions_last_24h,27.0,14,28.57
transactions_last_24h,3.0,3539,1.13
transactions_last_24h,4.0,4184,1.46
transactions_last_24h,5.0,3605,1.36
transactions_last_24h,6.0,2474,1.5
transactions_last_24h,7.0,1394,1.43
transactions_last_24h,8.0,741,2.02
transactions_last_24h,9.0,336,2.38
transactions_last_24h,missing,159,3.14
spend_last_24h,"(-1.0, 100.0]",5312,1.04
spend_last_24h,"(100.0, 250.0]",5414,1.0
spend_last_24h,"(1000.0, 2500.0]",2174,3.73
spend_last_24h,"(250.0, 500.0]",3586,1.12
spend_last_24h,"(2500.0, inf]",812,7.51
spend_last_24h,"(500.0, 1000.0]",2570,2.26
spend_last_24h,missing,132,3.03
account_age,"(0.0, 30.0]",749,4.27
account_age,"(180.0, 365.0]",1549,1.74
account_age,"(1825.0, inf]",3565,1.29
account_age,"(30.0, 90.0]",1819,4.45
account_age,"(365.0, 730.0]",4120,1.04
account_age,"(730.0, 1825.0]",6944,1.17
account_age,"(90.0, 180.0]",1117,3.58
account_age,missing,137,2.19
new_device,0.0,18076,1.21
new_device,1.0,1800,7.5
new_device,missing,124,0.0
transactions_last_1h,0.0,8659,1.37
transactions_last_1h,1.0,7353,1.31
transactions_last_1h,2.0,2659,1.32
transactions_last_1h,3.0,721,3.33
transactions_last_1h,4.0,226,10.18
transactions_last_1h,5.0,73,23.29
transactions_last_1h,6.0,43,30.23
transactions_last_1h,7.0,46,17.39
transactions_last_1h,8.0,43,18.6
transactions_last_1h,9.0,35,17.14
transactions_last_1h,missing,142,2.82
merchant_category,cash_transfer,1498,4.74
merchant_category,electronics,1524,3.94
merchant_category,entertainment,1407,1.0
merchant_category,food_delivery,2304,1.65
merchant_category,gaming,1339,1.57
merchant_category,grocery,3566,0.76
merchant_category,luxury,586,5.29
merchant_category,missing,113,0.0
merchant_category,retail,2601,0.96
merchant_category,transport,2387,0.88
merchant_category,travel,1094,2.38
merchant_category,utilities,1581,1.2
country,AU,584,2.91
country,GB,505,3.17
country,ID,840,4.05
country,JP,382,3.4
country,MY,1225,1.47
country,PH,581,3.44
country,SG,13931,1.31
country,TH,644,1.71
country,US,693,3.17
country,VN,508,3.74
country,missing,107,0.93
transaction_channel,bank_transfer,2009,2.84
transaction_channel,card_present,7189,1.02
transaction_channel,ecommerce,5507,2.4
transaction_channel,missing,123,3.25
transaction_channel,mobile_app,5172,1.68
