split,model,pr_auc,roc_auc,test_weighted_pr_auc
0,xgb_submitted,0.1936,0.7644,0.2841
0,xgb_raw,0.1971,0.7711,0.3056
0,catboost_depth4,0.207,0.7649,0.2969
1,xgb_submitted,0.1969,0.7782,0.2897
1,xgb_raw,0.2036,0.7796,0.3001
1,catboost_depth4,0.2111,0.7695,0.3119
2,xgb_submitted,0.1975,0.7753,0.3195
2,xgb_raw,0.2025,0.7746,0.3168
2,catboost_depth4,0.2,0.763,0.2979
3,xgb_submitted,0.2,0.773,0.301
3,xgb_raw,0.2051,0.7755,0.3193
3,catboost_depth4,0.2016,0.7681,0.2952
4,xgb_submitted,0.2025,0.7795,0.3057
4,xgb_raw,0.2107,0.7783,0.3206
4,catboost_depth4,0.2096,0.7725,0.3077
5,xgb_submitted,0.1983,0.7702,0.3054
5,xgb_raw,0.2053,0.7726,0.3217
5,catboost_depth4,0.2134,0.7701,0.3172
6,xgb_submitted,0.1972,0.7794,0.3038
6,xgb_raw,0.1953,0.7789,0.3022
6,catboost_depth4,0.2007,0.7631,0.2923
7,xgb_submitted,0.19,0.7745,0.2824
7,xgb_raw,0.1927,0.7762,0.2878
7,catboost_depth4,0.2155,0.7723,0.3415
8,xgb_submitted,0.2144,0.7817,0.3185
8,xgb_raw,0.2125,0.7847,0.3248
8,catboost_depth4,0.2308,0.7788,0.3551
9,xgb_submitted,0.2011,0.7718,0.3004
9,xgb_raw,0.2054,0.7725,0.3132
9,catboost_depth4,0.2203,0.7676,0.3409
