max_depth,n_estimators,learning_rate,scale_pos_weight,pr_auc,roc_auc
3,600,0.02,1.0,0.2091,0.768
3,300,0.03,1.0,0.2084,0.7718
4,600,0.02,1.0,0.2081,0.7614
4,300,0.03,1.0,0.2078,0.7659
2,600,0.02,1.0,0.2072,0.7747
5,300,0.03,1.0,0.207,0.7617
2,300,0.03,1.0,0.2057,0.7779
5,600,0.02,1.0,0.2037,0.7562
2,300,0.03,7.5,0.1982,0.7742
2,600,0.02,7.5,0.1968,0.7711
3,300,0.03,7.5,0.1961,0.7641
3,600,0.02,7.5,0.1947,0.7583
2,300,0.03,55.7,0.1915,0.7687
4,300,0.03,7.5,0.1899,0.751
2,600,0.02,55.7,0.1895,0.7644
4,600,0.02,7.5,0.1888,0.7455
5,300,0.03,7.5,0.1881,0.7403
3,300,0.03,55.7,0.1873,0.7533
5,600,0.02,7.5,0.1828,0.7349
3,600,0.02,55.7,0.1815,0.7481
4,300,0.03,55.7,0.1755,0.7324
4,600,0.02,55.7,0.1731,0.7273
5,300,0.03,55.7,0.1704,0.7169
5,600,0.02,55.7,0.1694,0.7147
