feature_set,model,pr_auc,pr_auc_std,fold_pr_auc,roc,f1,recall
full,CatBoost_d3,0.21963185951066125,0.010518585272400804,0.22752340469475657,0.7645092396376787,0.29161089829923653,0.2365439093484419
merchant,CatBoost_d3,0.21858935906700996,0.004168557082465768,0.2288106465962833,0.7661169716314481,0.2946605434945211,0.22662889518413598
full,XGB_d2,0.21247442895798827,0.00246634131540304,0.22613133284413767,0.7576753242895751,0.2956178025243038,0.23300283286118978
full,LGBM_d2,0.21214552414452276,0.004397423486142001,0.22318490658865175,0.7665773638429326,0.3010058051458988,0.2507082152974504
basic,CatBoost_d3,0.21195978497201662,0.004422834452096412,0.22239067254125394,0.7670745600356202,0.2964740945931611,0.22025495750708216
full,LogReg,0.211744915321462,0.005503845574170783,0.22264779820847203,0.7627529940273015,0.29122251424364504,0.2330028328611898
raw,CatBoost_d3,0.21117851202455085,0.004455208673093879,0.22234062180091269,0.7675226241750465,0.2885074499587129,0.2082152974504249
basic,LogReg,0.20999897534898046,0.0034960103936314177,0.2179689771551514,0.7664368526590642,0.28815291746095995,0.2471671388101983
merchant,LogReg,0.2072606333920874,0.001812643265060057,0.21433809625091388,0.7661756200912104,0.2860249618164176,0.2188385269121813
merchant,XGB_d2,0.2066388006240673,0.0032797888727397555,0.21595447098543336,0.7590816437025685,0.29344881532659206,0.2514164305949009
merchant,LGBM_d2,0.20642574217122056,0.004290869661920194,0.21498745477896736,0.7690310466994579,0.29460083813602633,0.23937677053824363
raw,LGBM_d2,0.19894822299840254,0.004119637523549678,0.21294213057899314,0.7654499400250109,0.28280606970837874,0.22308781869688385
basic,LGBM_d2,0.19834151006331296,0.0035285848489107867,0.21199997453782227,0.7646835629022214,0.30023619309369065,0.22096317280453256
raw,XGB_d2,0.198290485466403,0.0031486094620703153,0.21189028380555644,0.7594830450078445,0.27938542148528234,0.2103399433427762
basic,XGB_d2,0.19636947427131404,0.005718571647855225,0.20996856420938567,0.7545153005793039,0.29766075891474425,0.24362606232294617
raw,LogReg,0.1689278764634762,0.0021927791541652307,0.17895692103035216,0.7468972189167129,0.2581938333058549,0.24362606232294617
