tag,feature_set,te,pr_auc,std,fold,roc,f1,recall
CatBoost_d3,full,base,0.2195428384017362,0.009193002732783052,0.2273947880574897,0.7686069177642615,0.29552134096584187,0.232766761095373
CatBoost_d3,merchant,none,0.21947846131393756,0.007581518323144028,0.22937789073580467,0.7665663454783346,0.2933088454641763,0.22285174693106705
CatBoost_d3,full,none,0.21912232365420628,0.009730233164169306,0.2269761271822107,0.7657953483324396,0.29149057323848654,0.23276676109537298
CatBoost_d3,merchant,base,0.21790246582492812,0.007571592381754855,0.22678700431363866,0.7707707948021003,0.3004658635091024,0.22898961284230404
XGB_d2,full,base,0.2175658424268542,0.005739181165662825,0.22467252034164578,0.7628793147110716,0.29538538289782384,0.2355996222851747
LGBM_d2,full,base,0.21742949821550717,0.005185442553570371,0.2256237596971565,0.7735061368565955,0.3045858315773167,0.25212464589235123
CatBoost_d3,full,inter_only,0.2156443869677697,0.009358196979824422,0.22482715821376467,0.7654018353110876,0.29704270107557984,0.2502360717658168
CatBoost_d3,full,base+inter,0.2155470553628008,0.009778648581133982,0.22461932449289929,0.7674491844319472,0.295739244756072,0.2412653446647781
CatBoost_d3,merchant,inter_only,0.21466978931633188,0.006635136257892792,0.22331601657689062,0.7670985913651683,0.3016007818467072,0.2355996222851747
CatBoost_d3,merchant,base+inter,0.21408736766894984,0.0066178257314859525,0.22479816252801132,0.7701975754983869,0.30034508290052664,0.2299338999055713
LGBM_d2,full,base+inter,0.21407427459399886,0.00780807503243713,0.22413724452388972,0.7698565709320979,0.30653412669899577,0.26062322946175637
LGBM_d2,full,none,0.21267505206390705,0.004585445501651919,0.2223514604845403,0.7668088696561353,0.30175062246616235,0.24881964117091596
XGB_d2,full,none,0.21232521005777003,0.006264219946463732,0.2237054552399142,0.7582958552733365,0.2946995930087775,0.23984891406987727
LogReg,full,none,0.21148678785321648,0.004413396235077887,0.22162780840065968,0.7633404759251016,0.29376671119746506,0.2351274787535411
LGBM_d2,full,inter_only,0.21118278289046466,0.00649803980439798,0.2205018456349168,0.7629313185082139,0.3021502710672683,0.2507082152974504
LogReg,full,inter_only,0.21117263818807344,0.006491581053789136,0.21976152388288814,0.7625506622481703,0.29138238141750694,0.23087818696883852
LogReg,full,base+inter,0.21030471188766262,0.005206081727061753,0.21866345743513219,0.7642536664479335,0.2912297794109521,0.23465533522190749
XGB_d2,full,inter_only,0.20963353459900455,0.007272632096394243,0.2193336608476504,0.7547109216096589,0.2925836165216505,0.23984891406987727
LogReg,full,base,0.20921986890957567,0.0044208299815960425,0.21910063698453583,0.7660699062725279,0.2930775192425166,0.23465533522190749
XGB_d2,full,base+inter,0.20854988651366055,0.00687908500669239,0.2181781206897223,0.7609136120323522,0.2962556682326694,0.24315391879131257
LGBM_d2,merchant,base,0.20834894495010223,0.0021523188896446772,0.21813101930577133,0.774743750328328,0.30249171046394735,0.24457034938621344
XGB_d2,merchant,base,0.20830443889379371,0.005500644548052149,0.21826440559732407,0.7659745139098861,0.2985735776684238,0.2384324834749764
LogReg,merchant,none,0.20768400019501013,0.002412510797966485,0.2151623348719484,0.7665701664597329,0.2872949018601608,0.22285174693106702
LGBM_d2,merchant,none,0.20583712354225267,0.004428805227765138,0.21475493387160413,0.7689516712179602,0.2963515535628003,0.23796033994334279
XGB_d2,merchant,none,0.20550190087496265,0.005261170955212201,0.21496218791186067,0.7593665831770217,0.2934368108468541,0.24220963172804533
LogReg,merchant,base+inter,0.20536184690270054,0.0024403412459092656,0.21307994838672528,0.7696101296475811,0.28482893736510234,0.23701605288007555
LogReg,merchant,base,0.20500306636964338,0.0030722458210283863,0.21339504297404213,0.7713568468357924,0.2866821806480404,0.23748819641170915
LogReg,merchant,inter_only,0.20495035436288167,0.003876631739045654,0.21448564825891445,0.7669465451431168,0.28898989557012356,0.22521246458923513
LGBM_d2,merchant,inter_only,0.20397131786714404,0.005738282422965806,0.21421521668070248,0.7646150495816794,0.3024795068652944,0.24268177525967896
LGBM_d2,merchant,base+inter,0.20343946512677205,0.006504219242575526,0.2132942227738711,0.7693784195680773,0.30236833266979896,0.2469310670443815
XGB_d2,merchant,inter_only,0.20188033797274083,0.007111309516015567,0.2108161547893895,0.7565460740906076,0.292051150003951,0.23607176581680825
XGB_d2_m5.0,merchant,base+inter,0.20127554438413706,0.004485372898903545,0.21094815659961547,0.7634990586687902,0.2908371178880715,0.24551463644948066
XGB_d2,merchant,base+inter,0.201134815120662,0.005734585526442611,0.21079070500698324,0.762545363340005,0.2943243802949424,0.24268177525967896
XGB_d2_m50.0,merchant,base+inter,0.20038411705657722,0.0034656625404498385,0.21091317416994704,0.7624433022834136,0.29419241861014567,0.2351274787535411
XGB_d2_m100.0,merchant,base+inter,0.1994482794714153,0.005427816885842697,0.2092926407004199,0.7596131085711919,0.2923985117921739,0.22898961284230404
