feature_set,cats,params,pr_auc,std,roc,f1,recall,secs
merchant,raw3,"{'iterations': 600, 'depth': 3, 'learning_rate': 0.03, 'l2_leaf_reg': 10, 'bootstrap_type': 'Bernoulli', 'subsample': 0.8}",0.2236156373529106,0.003994175040122065,0.7730465016319917,0.2973574808053914,0.23016997167138808,78.10663080215454
merchant,raw3,"{'iterations': 600, 'depth': 3, 'learning_rate': 0.03, 'l2_leaf_reg': 10, 'rsm': 0.6}",0.22344451129015738,0.004580185157038688,0.7727648664653513,0.30229058344352233,0.2301699716713881,70.27986335754395
merchant,raw3,"{'iterations': 600, 'depth': 3, 'learning_rate': 0.03, 'l2_leaf_reg': 10}",0.2232241250153212,0.0029891211953390062,0.7720598233034013,0.2982481768450548,0.21600566572237961,75.9113655090332
merchant,raw3,"{'iterations': 1200, 'depth': 3, 'learning_rate': 0.015, 'l2_leaf_reg': 10}",0.2227757501776223,0.00365239753226112,0.7727746352008128,0.3037464034421544,0.2358356940509915,151.9649739265442
merchant,raw3,"{'iterations': 600, 'depth': 3, 'learning_rate': 0.03, 'l2_leaf_reg': 10}",0.22252834569766647,0.005600067727771484,0.772077546408943,0.3000408496304214,0.21482530689329557,174.96943187713623
merchant,raw3,"{'iterations': 600, 'depth': 4, 'learning_rate': 0.03, 'l2_leaf_reg': 10}",0.22225703878042377,0.00634414973258668,0.767982223352656,0.2957890280121283,0.2223796033994334,90.51531720161438
full,raw3,"{'iterations': 600, 'depth': 3, 'learning_rate': 0.03, 'l2_leaf_reg': 10}",0.22175339353905624,0.007082641834150409,0.768927375543787,0.29975680878760347,0.24268177525967893,182.45909810066223
full,raw3+inter,"{'iterations': 600, 'depth': 3, 'learning_rate': 0.03, 'l2_leaf_reg': 10}",0.22133082293472803,0.005973111946665075,0.7699578389548142,0.3008140877714068,0.24032105760151082,206.22088766098022
merchant,raw3,"{'iterations': 600, 'depth': 3, 'learning_rate': 0.03, 'l2_leaf_reg': 30}",0.2204029626381523,0.0024436859706942846,0.7740944238039356,0.3032643310791029,0.2252124645892351,75.82736587524414
merchant,raw3,"{'iterations': 600, 'depth': 3, 'learning_rate': 0.03, 'l2_leaf_reg': 3}",0.22022443496585561,0.005045007695198413,0.7694623489865243,0.29736263030301224,0.21529745042492918,74.87268280982971
merchant,raw3+inter,"{'iterations': 600, 'depth': 3, 'learning_rate': 0.03, 'l2_leaf_reg': 10}",0.22013332339686678,0.0061729799747049004,0.7728612801594988,0.3018285769517945,0.2464589235127479,224.86526823043823
merchant,raw3,"{'iterations': 600, 'depth': 6, 'learning_rate': 0.03, 'l2_leaf_reg': 30}",0.21999455323264633,0.007627477500435473,0.7712774232916356,0.2982031277779089,0.2252124645892351,121.1423089504242
merchant,raw3,"{'iterations': 600, 'depth': 6, 'learning_rate': 0.03, 'l2_leaf_reg': 10}",0.21991396647171224,0.006461689351500378,0.763227372472583,0.29159240908928974,0.22662889518413598,122.69407343864441
merchant,raw3,"{'iterations': 600, 'depth': 4, 'learning_rate': 0.03, 'l2_leaf_reg': 3}",0.2195922613650183,0.007839258888186509,0.7666219179279149,0.2906230736531792,0.22662889518413598,91.00286650657654
merchant,raw3,"{'iterations': 600, 'depth': 4, 'learning_rate': 0.03, 'l2_leaf_reg': 30}",0.21876349178058832,0.0038152927205076727,0.7723866253539273,0.3009802593551347,0.23866855524079317,88.27850651741028
merchant,raw3,"{'iterations': 600, 'depth': 2, 'learning_rate': 0.03, 'l2_leaf_reg': 10}",0.21747086783385194,0.005256373530733943,0.7733130511315078,0.3041000137741615,0.22592067988668554,94.76056456565857
merchant,raw3,"{'iterations': 600, 'depth': 2, 'learning_rate': 0.03, 'l2_leaf_reg': 3}",0.21630357001892908,0.005356518450405087,0.7725022460882163,0.3005350620477023,0.2358356940509915,94.21587347984314
merchant,raw3,"{'iterations': 600, 'depth': 6, 'learning_rate': 0.03, 'l2_leaf_reg': 3}",0.21521433310042473,0.01212442975529506,0.7530976263630991,0.2832183764104364,0.21388101983002833,124.36630272865295
merchant,raw3,"{'iterations': 600, 'depth': 2, 'learning_rate': 0.03, 'l2_leaf_reg': 30}",0.21345725318851422,0.004457362710385015,0.7746730501567972,0.3023329956831555,0.23512747875354106,66.09522294998169
merchant,raw3,"{'iterations': 600, 'depth': 3, 'learning_rate': 0.03, 'l2_leaf_reg': 10, 'auto_class_weights': 'SqrtBalanced'}",0.20438743376232282,0.00387650033587914,0.7647160412441057,0.29601651565917053,0.24575070821529743,79.899893283844
merchant,raw3,"{'iterations': 600, 'depth': 3, 'learning_rate': 0.03, 'l2_leaf_reg': 10, 'auto_class_weights': 'Balanced'}",0.19728520473035496,0.00246900834992337,0.7576428279241935,0.28911042064933695,0.21175637393767707,76.27742457389832
