model,feature_set,weighting,pr_auc,weighted_pr_auc,f1,recall
XGB_d2,merchant,none,0.20053412721735783,0.30416327004395577,0.2959652211504659,0.2516525023607176
XGB_d2,merchant,importance,0.19686277610282385,0.29838504817056893,0.28705077787314853,0.23607176581680833
XGB_d2,merchant,importance_sqrt,0.20326407719346626,0.30842077328954587,0.2959453901095148,0.2507082152974504
XGB_d2,full,none,0.21005608931468914,0.31618448675575445,0.29741280454901803,0.24362606232294617
XGB_d2,full,importance,0.20164240290172109,0.3011306033901931,0.2913320365298074,0.24976392823418317
XGB_d2,full,importance_sqrt,0.21161677291899875,0.31695664996584116,0.29347679456487097,0.24409820585457984
CatBoost_d3,merchant,none,0.2128946988066509,0.31859785582839334,0.30156693734279943,0.2332389046270066
CatBoost_d3,merchant,importance,0.21025856953768007,0.3099026025274471,0.29393341612154894,0.23135033050047216
CatBoost_d3,merchant,importance_sqrt,0.21438475094213358,0.3192019219676698,0.2997571407463148,0.23796033994334276
CatBoost_d3,full,none,0.21697585242495296,0.3240137314135847,0.2977403667131736,0.2445703493862134
CatBoost_d3,full,importance,0.21389183244660678,0.3146822790126691,0.29421146859406005,0.23701605288007555
CatBoost_d3,full,importance_sqrt,0.21639278854045005,0.32291599228989326,0.29682167618004524,0.25401322001888577
XGB_d2,merchant,none|merchant_ref=pooled,0.20029511875461306,0.30506527931918026,0.2955779975383806,0.24315391879131254
CatBoost_d3,merchant,none|merchant_ref=pooled,0.21314749370233602,0.31871245732208536,0.3025627446536689,0.24881964117091596
