blend,kind,pr_auc,std,f1,recall
xgb_d2_full_te+cat_d3_merch+cat_d3_full,prob,0.22671762930561856,0.006186035198978671,0.3059843069438536,0.23323890462700658
lgbm_d2_full_te+cat_d3_merch+cat_d3_full,prob,0.22668127631727508,0.00595732682042554,0.3065061552246041,0.23512747875354104
lr_full+xgb_d2_full_te+cat_d3_merch+cat_d3_full,rank,0.22646922396582528,0.005350124524609124,0.3047758952371591,0.22757318224740322
lr_full+xgb_d2_full_te+cat_d3_merch+cat_d3_full,prob,0.2263730488004252,0.0062853320331162435,0.30672094993312027,0.2337110481586402
xgb_d2_full_te+cat_d3_merch+cat_d3_full+cat_d4_merch_l230,prob,0.22612033170476917,0.005466236866052815,0.3075828604283306,0.2351274787535411
xgb_d2_full_te+cat_d3_full+cat_d4_merch_l230,prob,0.22611907662413297,0.00544367259834317,0.30642609654163794,0.23229461756373937
lr_full+lgbm_d2_full_te+cat_d3_merch+cat_d3_full,rank,0.22611664165176468,0.004902705899171122,0.30439809770235937,0.2384324834749764
xgb_d2_full_te+lgbm_d2_full_te+cat_d3_merch+cat_d3_full,prob,0.2260648878154574,0.0055882818608256,0.3064232826664605,0.23748819641170915
xgb_d2_full_te+cat_d3_full,prob,0.22599026563586264,0.006329722438616916,0.303016528814398,0.24598677998111426
lgbm_d2_full_te+cat_d3_merch+cat_d3_full+cat_d4_merch_l230,prob,0.2258719082323745,0.0054947581018338545,0.3074452483844227,0.2294617563739377
lr_full+lgbm_d2_full_te+cat_d3_merch+cat_d3_full,prob,0.22573777056487032,0.005581814000061843,0.30593770911701573,0.23371104815864022
xgb_d2_full_te+lgbm_d2_full_te+cat_d3_full+cat_d4_merch_l230,prob,0.2257091827059472,0.005304049767901645,0.3069506993438275,0.2412653446647781
lgbm_d2_full_te+cat_d3_full,prob,0.22567609777762906,0.006603807161952392,0.30490893141354874,0.2474032105760151
lr_full+xgb_d2_full_te+cat_d3_full,prob,0.22566034450704942,0.006233041430906343,0.3029006774557231,0.23654390934844194
lr_full+xgb_d2_full_te+cat_d3_full+cat_d4_merch_l230,prob,0.22565222254132053,0.005420853762260886,0.3059995878081045,0.2337110481586402
lgbm_d2_full_te+cat_d3_full+cat_d4_merch_l230,prob,0.22562839591098413,0.005385380695271115,0.30601140602841587,0.2384324834749764
lgbm_d2_full_te+cat_d3_merch,prob,0.22562459053334805,0.004667809544687239,0.30928466908955854,0.23607176581680833
xgb_d2_full_te+cat_d3_merch+cat_d4_merch_l230,prob,0.22557207830791018,0.005106924025102638,0.3077992826902937,0.23465533522190749
lr_full+lgbm_d2_full_te+cat_d3_merch,rank,0.22556495602993318,0.003961765332708354,0.305709341092656,0.22662889518413598
xgb_d2_full_te+cat_d3_merch,prob,0.22552155811808935,0.005319247075017624,0.3066477948387183,0.23701605288007555
lr_full+xgb_d2_full_te+cat_d3_merch+cat_d4_merch_l230,prob,0.22543313392124034,0.005024223947812483,0.30733475709191455,0.2294617563739377
lr_full+xgb_d2_full_te+cat_d3_merch,prob,0.2254210629178751,0.004949193253852069,0.3084566194898252,0.2332389046270066
xgb_d2_full_te+lgbm_d2_full_te+cat_d3_merch+cat_d4_merch_l230,prob,0.22536932334638124,0.004774508809914226,0.30771356457357063,0.23512747875354104
ALL,rank,0.22535653717146018,0.00523792053980436,0.30518921122349313,0.2351274787535411
lr_full+xgb_d2_full_te+cat_d3_full,rank,0.2253454590705992,0.005329840849375037,0.3021711645084633,0.2502360717658168
lr_full+xgb_d2_full_te+cat_d3_merch+cat_d4_merch_l230,rank,0.22530035011978589,0.00483180369222251,0.30411048307389615,0.23890462700660997
lr_full+xgb_d2_full_te+cat_d3_merch,rank,0.22529510670796446,0.005188191344929309,0.3044531106957471,0.23796033994334276
lr_full+xgb_d2_full_te+cat_d3_full+cat_d4_merch_l230,rank,0.2251641972725148,0.005023602688543049,0.30556307632271273,0.23890462700661
xgb_d2_full_te+cat_d3_merch+cat_d3_full,rank,0.22512712881662342,0.006706430426911633,0.3039409072419856,0.232766761095373
lr_full+lgbm_d2_full_te+cat_d3_merch+cat_d4_merch_l230,rank,0.22507704493558225,0.00403131204077914,0.30688097245929064,0.24032105760151087
lr_full+xgb_d2_full_te+lgbm_d2_full_te+cat_d3_merch,rank,0.22504197916267898,0.004211015451634907,0.3052464702994036,0.23701605288007557
xgb_d2_full_te+lgbm_d2_full_te+cat_d3_full,prob,0.22494846055744633,0.006050755338204171,0.3049972953028174,0.25212464589235123
lgbm_d2_full_te+cat_d3_merch+cat_d4_merch_l230,prob,0.22494064829527904,0.004426439727225802,0.30856456128618887,0.2289896128423041
lr_full+cat_d3_merch+cat_d3_full,rank,0.22491366210133604,0.00478079555040784,0.3036523205562231,0.2365439093484419
xgb_d2_full_te+cat_d3_full,rank,0.22491174266511796,0.007050573474886559,0.3030631520656806,0.24409820585457978
lgbm_d2_full_te+cat_d3_merch+cat_d3_full,rank,0.22490624011487123,0.00620997865032325,0.3060406639003181,0.23559962228517464
lr_full+cat_d3_merch+cat_d3_full,prob,0.22477601416097262,0.0060596734388465865,0.30564199539234654,0.23276676109537298
lr_full+lgbm_d2_full_te+cat_d3_full+cat_d4_merch_l230,prob,0.22476108557843485,0.005179306303254893,0.3048777932555016,0.23796033994334276
lr_full+lgbm_d2_full_te+cat_d3_merch,prob,0.22474409912509663,0.003947715747409362,0.3086652954905893,0.23701605288007555
xgb_d2_full_te+lgbm_d2_full_te+cat_d3_merch+cat_d3_full,rank,0.22468251161528086,0.006015700198937244,0.3049861847579647,0.24787535410764872
lgbm_d2_full_te+cat_d3_merch+cat_d3_full+cat_d4_merch_l230,rank,0.22467578786821885,0.005118981142537974,0.3058685949019527,0.23418319169027382
cat_d3_merch+cat_d3_full,prob,0.22455601107072035,0.005591887503822821,0.3033868606312819,0.23135033050047213
lr_full+lgbm_d2_full_te+cat_d3_full+cat_d4_merch_l230,rank,0.224536539403808,0.0048595206858493235,0.30413977414846216,0.22993389990557125
xgb_d2_full_te+cat_d3_merch+cat_d3_full+cat_d4_merch_l230,rank,0.2245053463054676,0.006182591421127964,0.30419048708681823,0.23135033050047213
lr_full+xgb_d2_full_te+lgbm_d2_full_te+cat_d3_full,prob,0.22450477926852463,0.005739454249264053,0.30519346551810506,0.24787535410764872
lr_full+xgb_d2_full_te+lgbm_d2_full_te+cat_d4_merch_l230,rank,0.22448514853168144,0.00414034956296064,0.30499448526698164,0.24173748819641172
xgb_d2_full_te+cat_d4_merch_l230,prob,0.2244820514952743,0.004794684573018547,0.30659814826537346,0.2417374881964117
lr_full+cat_d3_merch+cat_d3_full+cat_d4_merch_l230,prob,0.2244702757258995,0.005234035628059872,0.30408659450763537,0.2322946175637394
lr_full+lgbm_d2_full_te+cat_d3_full,rank,0.22441742463379197,0.004442325340523332,0.3018830175620081,0.24126534466477811
lr_full+lgbm_d2_full_te+cat_d3_merch+cat_d4_merch_l230,prob,0.22436575766920694,0.003990036476737533,0.3079615786470484,0.2365439093484419
xgb_d2_full_te+lgbm_d2_full_te+cat_d3_merch,prob,0.2243624306844516,0.0051845654746261235,0.30746128072977136,0.24032105760151087
lgbm_d2_full_te+cat_d3_full,rank,0.2243292205354999,0.007189031478399203,0.30486365860695047,0.24787535410764872
xgb_d2_full_te+cat_d3_full+cat_d4_merch_l230,rank,0.22431172909055475,0.006245962106023277,0.3036595224243328,0.2417374881964117
lr_full+xgb_d2_full_te+cat_d4_merch_l230,rank,0.22431067135334962,0.004676335903259492,0.3043924482251485,0.23465533522190749
xgb_d2_full_te+lgbm_d2_full_te+cat_d3_full+cat_d4_merch_l230,rank,0.22422164162030442,0.005921107941230119,0.304392375543192,0.2502360717658168
lr_full+xgb_d2_full_te+lgbm_d2_full_te+cat_d3_full,rank,0.22421762976749685,0.00554955848171598,0.303508621314503,0.2445703493862134
lr_full+lgbm_d2_full_te+cat_d3_full,prob,0.22417199670137633,0.005905159984269101,0.30325998765822154,0.24598677998111426
lr_full+xgb_d2_full_te+lgbm_d2_full_te+cat_d3_merch,prob,0.2241103759825207,0.004672084735098114,0.30849576248874006,0.2355996222851747
lr_full+lgbm_d2_full_te+cat_d4_merch_l230,rank,0.22405842095514625,0.003616026506344643,0.30463594061696114,0.22615675165250237
lgbm_d2_full_te+cat_d3_full+cat_d4_merch_l230,rank,0.22403482110967907,0.005641659608800804,0.30553191723935935,0.2384324834749764
xgb_d2_full_te+lgbm_d2_full_te+cat_d4_merch_l230,prob,0.2240168639767602,0.00501656631563254,0.3072364075942303,0.24173748819641172
lgbm_d2_full_te+cat_d4_merch_l230,prob,0.2239827195719455,0.0049713735091367365,0.3089122568082703,0.24079320113314448
lr_full+cat_d3_merch,rank,0.22394270425735907,0.003909173663586363,0.30305674646794384,0.24268177525967893
lr_full+xgb_d2_full_te+cat_d4_merch_l230,prob,0.2239341886943127,0.004478993830508081,0.30639900202610365,0.23654390934844194
cat_d3_merch+cat_d3_full+cat_d4_merch_l230,prob,0.22388866634203172,0.005086843872611685,0.30229344338623515,0.2285174693106704
lr_full+cat_d3_merch,prob,0.2237499917517767,0.005874731881662589,0.3066718531576204,0.23371104815864022
xgb_d2_full_te+cat_d3_merch+cat_d4_merch_l230,rank,0.22370364638726922,0.005827323696401089,0.30417281360201115,0.23796033994334276
lr_full+cat_d3_merch+cat_d3_full+cat_d4_merch_l230,rank,0.22367969273231583,0.004609943532669071,0.3036992814624251,0.232766761095373
xgb_d2_full_te+lgbm_d2_full_te+cat_d3_full,rank,0.22362855515916172,0.006586833462585412,0.30395193604707654,0.254957507082153
lr_full+xgb_d2_full_te+lgbm_d2_full_te+cat_d4_merch_l230,prob,0.22359792352548902,0.004068831621816033,0.30834388245883887,0.23984891406987727
cat_d3_merch+cat_d3_full,rank,0.22354730200592862,0.005563845813178078,0.30288454021089434,0.22568460812086874
lgbm_d2_full_te+cat_d3_merch+cat_d4_merch_l230,rank,0.22350353334964912,0.004917441026660393,0.30530122878853233,0.23607176581680833
xgb_d2_full_te+cat_d3_merch,rank,0.2233762948933812,0.005929575250607514,0.3035966551214198,0.23796033994334276
xgb_d2_full_te+lgbm_d2_full_te+cat_d3_merch+cat_d4_merch_l230,rank,0.22333921857201514,0.005503063175210181,0.3046227696512154,0.23040604343720492
lgbm_d2_full_te+cat_d3_merch,rank,0.2232740899000686,0.00520593966298473,0.30856372685916283,0.2332389046270066
cat_d3_full+cat_d4_merch_l230,prob,0.22319094864651093,0.005499827817395089,0.30150750322730663,0.232766761095373
lr_full+cat_d3_full+cat_d4_merch_l230,prob,0.22312492753092894,0.005431172925674427,0.30390572978734504,0.22568460812086874
lr_full+cat_d3_merch+cat_d4_merch_l230,rank,0.22293680638756516,0.004374086009663494,0.30589823350771045,0.23748819641170915
lr_full+cat_d3_full+cat_d4_merch_l230,rank,0.22292697919957408,0.003983245519374484,0.30267627740454556,0.24220963172804533
xgb_d2_full_te+lgbm_d2_full_te+cat_d3_merch,rank,0.22292363187346384,0.005253209482485548,0.303726705253127,0.24457034938621344
xgb_d2_full_te+cat_d4_merch_l230,rank,0.2227793445424664,0.00565280769653924,0.30481771140618935,0.2445703493862134
lr_full+lgbm_d2_full_te+cat_d4_merch_l230,prob,0.22276515993430288,0.004569649122567615,0.3074483733102476,0.24126534466477811
lr_full+cat_d3_merch+cat_d4_merch_l230,prob,0.22258336088270558,0.005310113376605992,0.30405524826937297,0.23418319169027382
cat_d3_merch+cat_d3_full+cat_d4_merch_l230,rank,0.2225407666696766,0.00555754842196645,0.30162184371093353,0.22662889518413598
cat_d3_merch,single,0.22252834569766647,0.005600067727771484,0.3000408496304214,0.21482530689329557
lr_full+cat_d3_full,rank,0.22233115505719678,0.00429089349182779,0.2995306890503786,0.23890462700660997
lr_full+cat_d3_full,prob,0.2221858901156669,0.0068978040581836745,0.2999685382579724,0.23890462700661
xgb_d2_full_te+lgbm_d2_full_te+cat_d4_merch_l230,rank,0.2221550504347607,0.0043695171551950554,0.30526213707488964,0.24173748819641172
lr_full+xgb_d2_full_te+lgbm_d2_full_te,rank,0.22213894309789892,0.003982296579486285,0.302448840915788,0.23040604343720492
lgbm_d2_full_te+cat_d4_merch_l230,rank,0.22213370623333084,0.00551514509682494,0.3047635178347062,0.24079320113314448
cat_d3_full+cat_d4_merch_l230,rank,0.22189410671904716,0.006048342144796691,0.29916641095507107,0.2332389046270066
cat_d3_full,single,0.22175339353905624,0.007082641834150409,0.29975680878760347,0.24268177525967893
cat_d3_merch+cat_d4_merch_l230,prob,0.22159283638524618,0.005192686900893793,0.3014572590163857,0.21860245514636448
cat_d3_merch+cat_d4_merch_l230,rank,0.2212944902456473,0.005288069877367832,0.3003172482279369,0.21954674220963175
lr_full+lgbm_d2_full_te,rank,0.22116634537605107,0.003563288573696466,0.3020263900012911,0.2337110481586402
lr_full+cat_d4_merch_l230,rank,0.22105379923251686,0.003244601713779148,0.30591238791487774,0.2464589235127479
lr_full+xgb_d2_full_te,rank,0.2208877105068978,0.004492143152770198,0.30072434054911534,0.22474032105760153
lr_full+cat_d4_merch_l230,prob,0.22036923185430668,0.005135646469402289,0.3067554408057771,0.24598677998111426
lr_full+xgb_d2_full_te+lgbm_d2_full_te,prob,0.21984072327629858,0.004291394952776899,0.3046769549694503,0.24645892351274787
lr_full+xgb_d2_full_te,prob,0.21950674507397375,0.003791149908002066,0.3017081072131194,0.24126534466477811
xgb_d2_full_te+lgbm_d2_full_te,prob,0.21941850950856,0.005278236762995722,0.30477672053616417,0.2502360717658168
cat_d4_merch_l230,single,0.21920833631012926,0.005182421367621209,0.30136859955129475,0.22710103871576956
xgb_d2_full_te+lgbm_d2_full_te,rank,0.21891117209211997,0.004865565254707041,0.3040538070477365,0.24929178470254962
lgbm_d2_full_te,single,0.21820682904042354,0.00488116668040516,0.3074206301934563,0.24504249291784705
lr_full+lgbm_d2_full_te,prob,0.2174160862344093,0.004200315723354705,0.3039455227589071,0.24409820585457975
xgb_d2_full_te,single,0.21721454643598284,0.004666096571654088,0.2966928849324813,0.24315391879131254
lr_full,single,0.21148678785321648,0.004413396235077887,0.29376671119746506,0.2351274787535411
