,cat_d3_merch,cat_d3_full,xgb_d2_full_te,lgbm_d2_full_te
account_age,10.022264823128683,3.867625008510386,0.008703505154699087,72.2
new_device,9.194191431486754,3.2450706552412543,0.04987218827009201,3.6
transaction_amount,6.513508934657954,7.413963255011116,0.017002059519290923,43.6
log_amount,6.217199964765497,5.62574015712668,0.018903289549052717,9.4
transactions_last_24h,5.503984848947381,3.3388080875512083,0.027801358699798585,38.6
transactions_last_1h,5.2071040466426295,3.933067569168711,0.04389994405210018,27.0
amount_diff_merchant_median,5.197631194445008,4.549042114261314,0.005562193319201469,57.4
transaction_channel,5.094601002575432,4.748695483095704,,
hi_risk_merchant_new_device,4.984774544557062,3.496558920676636,0.21396057605743407,6.4
new_device_young_account,4.3805045965286205,2.975877297182371,0.2761488139629364,0.6
spend_last_24h,4.349948884846201,2.7549442497842813,0.00946103511378169,55.6
amount_diff_avg_spend,3.963875572328589,2.1552271089515287,0.005565139092504978,66.4
is_night,3.8014560963860644,0.28781473580118744,0.011086645908653736,13.2
hi_risk_merchant,3.674162901609962,2.5679843018398247,0.03348115608096123,6.0
avg_ticket_24h,3.5920813775749343,2.873808992105649,0.0049853789620101455,46.2
transaction_hour,2.961969739737846,1.1091884887436396,0.004570684023201465,18.4
amount_ratio_to_merchant,2.9492507228504,1.4556079990032456,0.005002110730856657,54.8
amount_z_in_merchant,2.7136983593228354,2.5430256310070396,0.00518049830570817,28.8
spike_ratio,2.4409020128730767,0.9608716716461689,0.005196483712643385,29.8
merchant_category,1.9758702757886801,0.8968397023264624,,
country,1.8978613726147202,0.29654911001192574,,
velocity_1h_share,1.7423030318315935,1.1956977995063804,0.004594063479453325,40.0
young_account,0.9942119946017677,0.25230645860185674,0.0006773447152227163,0.2
is_foreign,0.5528916918303601,0.17737075759964754,0.018098074570298196,4.2
n_missing,0.07375057806795628,0.04981707348716315,0.0,0.4
new_device_x_log_amount,,5.444853323380456,0.026231129094958304,54.6
night_new_device,,5.425478986969592,0.028505130484700204,34.6
age_per_txn,,5.420583645238417,0.01113126166164875,87.8
log_account_age,,4.774525218764282,0.00736767565831542,14.4
log_spend_24h,,3.023874547410691,0.009907600563019514,11.0
txn_24h_sq,,2.281076017540606,0.019158157333731652,8.6
foreign_hi_risk,,2.0995219644170904,0.033037203922867776,10.2
spend_per_hour_24h,,2.042995724684646,0.01934213414788246,2.2
hour_cos,,2.0084764181629224,0.005747842974960804,40.2
share_of_24h_spend,,1.5896065800673518,0.004877270199358463,43.2
log_spike_ratio,,1.0240564425554608,0.005026255734264851,33.6
high_velocity_24h,,0.8727506107121957,0.0,0.2
high_velocity_1h,,0.7210288071536409,0.031164949759840965,2.0
hour_sin,,0.4996690847012603,0.004981379304081201,35.4
te_merchant_category,,,0.009942401014268399,63.0
te_transaction_channel,,,0.007725999783724546,59.6
te_country,,,0.006101061217486858,61.8
