term,coef,se_HC3,ci_low,ci_high,p
bld[BUS_A],6.5944,0.9233,4.7844,8.4045,0.0
bld[BUS_B],10.2219,0.924,8.4107,12.0331,0.0
bld[ENG_A],15.1623,0.9038,13.3906,16.9339,0.0
bld[ENG_B],11.8903,0.9047,10.1168,13.6638,0.0
bld[LEC_A],5.5279,1.0002,3.5672,7.4886,0.0
bld[LIB_A],2.8408,1.0458,0.7907,4.8909,0.0066
bld[RES_A],6.6107,0.9644,4.7202,8.5012,0.0
bld[RES_B],4.5005,0.9459,2.6463,6.3548,0.0
bld[SCI_A],32.1904,1.0074,30.2156,34.1651,0.0
bld[SCI_B],27.953,1.014,25.9653,29.9406,0.0
bld[SPT_A],7.2858,1.0459,5.2354,9.3361,0.0
Administration:weekend,-2.0959,0.3464,-2.775,-1.4169,0.0
Business:weekend,-3.1523,0.1985,-3.5414,-2.7633,0.0
Engineering:weekend,0.2389,0.206,-0.1649,0.6428,0.2462
LectureHall:weekend,-2.6857,0.2406,-3.1573,-2.2141,0.0
Library:weekend,0.1442,0.2391,-0.3244,0.6129,0.5464
Residential:weekend,0.0105,0.1997,-0.3809,0.4019,0.9579
Science:weekend,0.026,0.2471,-0.4584,0.5103,0.9163
Sports:weekend,-0.0627,0.3088,-0.6681,0.5427,0.8391
month2,0.4789,0.1728,0.1401,0.8177,0.0056
month3,0.8951,0.1754,0.5511,1.239,0.0
month4,1.12,0.1793,0.7685,1.4714,0.0
month5,0.8764,0.1793,0.525,1.2278,0.0
month6,0.4741,0.1699,0.1411,0.8072,0.0053
month7,-0.0161,0.1745,-0.3582,0.326,0.9265
month8,-0.5949,0.1733,-0.9345,-0.2552,0.0006
month9,-0.9925,0.1778,-1.3411,-0.6439,0.0
month10,-1.0646,0.1665,-1.391,-0.7383,0.0
month11,-0.9046,0.1688,-1.2355,-0.5737,0.0
month12,-0.572,0.1759,-0.9168,-0.2273,0.0011
Administration:temperature,1.3371,0.1201,1.1017,1.5725,0.0
Business:temperature,1.5688,0.0794,1.413,1.7245,0.0
Engineering:temperature,1.9626,0.0855,1.7951,2.1302,0.0
LectureHall:temperature,1.5012,0.1239,1.2583,1.744,0.0
Library:temperature,1.4203,0.117,1.191,1.6496,0.0
Residential:temperature,1.1049,0.0859,0.9366,1.2733,0.0
Science:temperature,2.3818,0.0979,2.1898,2.5738,0.0
Sports:temperature,1.7892,0.1306,1.5333,2.0452,0.0
cooling_deg,0.4263,0.1008,0.2287,0.6238,0.0
humidity,0.0458,0.0084,0.0293,0.0624,0.0
Administration:occupancy,0.0864,0.0087,0.0693,0.1034,0.0
Business:occupancy,0.103,0.0031,0.097,0.109,0.0
Engineering:occupancy,0.1142,0.0027,0.1088,0.1196,0.0
LectureHall:occupancy,0.1339,0.0026,0.1288,0.1391,0.0
Library:occupancy,0.0767,0.0038,0.0693,0.084,0.0
Residential:occupancy,0.045,0.0033,0.0386,0.0513,0.0
Science:occupancy,0.1165,0.0043,0.1081,0.1249,0.0
Sports:occupancy,0.0647,0.004,0.0569,0.0726,0.0
previous_usage,0.3371,0.005,0.3273,0.3469,0.0
