threshold,precision,recall,f1,f2,f_beta,flag_rate,tp,fp,fn
0.005,0.021462561113633677,0.9301227573182246,0.04195633432626419,0.09823962710557177,0.08028871321879466,0.7651666666666666,328.3333333333333,14975.0,24.666666666666668
0.01,0.032727403636439806,0.7865911237016053,0.06283960655315392,0.14028468678361575,0.1163797299651574,0.4242666666666666,277.6666666666667,8207.666666666666,75.33333333333333
0.015,0.043841503642272926,0.6770538243626062,0.0823488982910298,0.17410066709446345,0.14683377627406358,0.27265,239.0,5214.0,114.0
0.02,0.0550726721177963,0.5967894239848913,0.10083732669885474,0.20111134970929098,0.17251846929335127,0.19131666666666666,210.66666666666666,3615.6666666666665,142.33333333333334
0.025000000000000005,0.06754286368274293,0.5401322001888574,0.12007051502087775,0.22511156914016117,0.19646584147936275,0.14115,190.66666666666666,2632.3333333333335,162.33333333333334
0.03,0.08196361953335572,0.5004721435316336,0.14085768367480236,0.2476079409075552,0.2198398610027813,0.10778333333333334,176.66666666666666,1979.0,176.33333333333334
0.035,0.09554429293790323,0.4598677998111426,0.15821375371543053,0.260890497937272,0.2354257545191816,0.08496666666666668,162.33333333333334,1537.0,190.66666666666666
0.04,0.10995926777836346,0.4277620396600567,0.17494275397434425,0.2710617587825874,0.24832178134863248,0.06868333333333333,151.0,1222.6666666666667,202.0
0.045000000000000005,0.12507428449802901,0.4069877242681775,0.19133531188899322,0.2805080667371313,0.26028855745614726,0.057466666666666666,143.66666666666666,1005.6666666666666,209.33333333333334
0.05000000000000001,0.13967287521734684,0.3899905571293673,0.2056633057651306,0.28705576751904055,0.26929109274038293,0.04931666666666667,137.66666666666666,848.6666666666666,215.33333333333334
0.055,0.154213470394108,0.37393767705382436,0.21835199592143054,0.2909833845529432,0.2756968799808668,0.042833333333333334,132.0,724.6666666666666,221.0
0.06,0.1657990520732999,0.35410764872521244,0.22580825294164697,0.2885035750972443,0.2757393059398913,0.037733333333333334,125.0,629.6666666666666,228.0
0.065,0.1785395382421442,0.34277620396600567,0.2347610318053579,0.28948118589521427,0.2786535145256151,0.03388333333333333,121.0,556.6666666666666,232.0
0.07,0.19031946519538387,0.3286118980169972,0.24099366600831187,0.2868672204176706,0.2780423358952746,0.030483333333333335,116.0,493.6666666666667,237.0
0.075,0.20173993265212722,0.31539187913125594,0.24603835596531806,0.283416869159201,0.27641490709975997,0.027616666666666668,111.33333333333333,441.0,241.66666666666666
0.08,0.21853340792454612,0.3087818696883853,0.2558942727997306,0.2851880824883931,0.2798458861423134,0.024966666666666668,109.0,390.3333333333333,244.0
0.085,0.23317845928082,0.3012275731822474,0.26280253322722064,0.28456042196295456,0.2806829227515572,0.022833333333333334,106.33333333333333,350.3333333333333,246.66666666666666
0.09000000000000001,0.24287100547874751,0.29272898961284227,0.2653761361423039,0.2811059371494234,0.2783498378023915,0.021316666666666668,103.33333333333333,323.0,249.66666666666666
0.09500000000000001,0.2540375105364003,0.28611898016997167,0.2690296651174644,0.2790019546361932,0.2772834553082262,0.019916666666666666,101.0,297.3333333333333,252.0
0.10000000000000002,0.26712895721287044,0.279508970727101,0.27302637983525785,0.2768403033923364,0.27618927235337326,0.018516666666666664,98.66666666666667,271.6666666666667,254.33333333333334
0.105,0.2850159454363463,0.2757318224740321,0.28015252894329196,0.2774502029513562,0.2778899981306569,0.017116666666666665,97.33333333333333,245.0,255.66666666666666
0.11,0.2943951732168762,0.26723323890462697,0.2800108086198743,0.2721713652501299,0.27344075681282076,0.01606666666666667,94.33333333333333,227.0,258.6666666666667
0.115,0.3024097094565911,0.2577903682719547,0.27818028492295305,0.2655499479555472,0.26756881790665377,0.015083333333333332,91.0,210.66666666666666,262.0
0.12,0.3129411784487647,0.2530689329556185,0.2796740615115154,0.26305025381053365,0.26567574033974445,0.014316666666666667,89.33333333333333,197.0,263.6666666666667
0.125,0.3196265771798894,0.24362606232294617,0.27634128210309256,0.25571075938574706,0.25892673098595226,0.013483333333333333,86.0,183.66666666666666,267.0
0.13,0.32975616313559525,0.23796033994334276,0.27633557422695393,0.25194060520147477,0.25569927030601797,0.01275,84.0,171.0,269.0
0.135,0.3386293807819569,0.23229461756373937,0.2755146596392961,0.24784005553419708,0.2520583228514755,0.012116666666666666,82.0,160.33333333333334,271.0
0.14,0.3506633720072352,0.22662889518413598,0.2752739155957728,0.24386063435215655,0.2485871642121642,0.011416666666666667,80.0,148.33333333333334,273.0
0.145,0.3593462006607546,0.2219074598677998,0.27434311864239286,0.24027296537986823,0.24535021085375308,0.0109,78.33333333333333,139.66666666666666,274.6666666666667
0.15,0.37516940769816703,0.22001888574126535,0.27735629125878625,0.2398507899354131,0.24538062033748773,0.01035,77.66666666666667,129.33333333333334,275.3333333333333
0.155,0.38918280132565847,0.21718602455146363,0.2787833326909945,0.23824106710212398,0.24415869594922623,0.00985,76.66666666666667,120.33333333333333,276.3333333333333
0.16,0.402152050733611,0.2152974504249292,0.28045026163642833,0.2373536688537101,0.24359241812603058,0.00945,76.0,113.0,277.0
0.165,0.40780679233920486,0.21057601510859303,0.27770993765362,0.23311494600125734,0.23952481147516122,0.009116666666666667,74.33333333333333,108.0,278.6666666666667
0.17,0.41045634801418013,0.20302171860245513,0.27164593686839456,0.22584094055553275,0.23237082623805652,0.008733333333333334,71.66666666666667,103.0,281.3333333333333
0.17499999999999996,0.4162965201594353,0.20113314447592068,0.27116254330962425,0.22429895980362372,0.23094994036655,0.008533333333333332,71.0,99.66666666666667,282.0
0.18000000000000002,0.42276059692605417,0.198300283286119,0.26992037835249044,0.22184188350603584,0.2286281242812749,0.008283333333333332,70.0,95.66666666666667,283.0
0.18499999999999997,0.4317494958545048,0.19357884796978284,0.26726087817878535,0.2175684225376726,0.2245252519487334,0.007916666666666666,68.33333333333333,90.0,284.6666666666667
0.19000000000000003,0.4411703818513854,0.19357884796978284,0.2690087551625084,0.2180273689195593,0.22513701954198018,0.00775,68.33333333333333,86.66666666666667,284.6666666666667
0.19499999999999998,0.4547992511058386,0.19263456090651557,0.270555286759351,0.21770948586026787,0.22503365919122828,0.007483333333333332,68.0,81.66666666666667,285.0
0.20000000000000004,0.4660479345108861,0.1907459867799811,0.27057850789638355,0.21626081826304297,0.2237445975766326,0.007233333333333334,67.33333333333333,77.33333333333333,285.6666666666667
0.205,0.4796560102911049,0.1907459867799811,0.27277739861345596,0.2168165402085547,0.2244892730097252,0.007033333333333333,67.33333333333333,73.33333333333333,285.6666666666667
0.21,0.48748560590665857,0.18885741265344666,0.27206839292812274,0.2151704397038914,0.2229379255429783,0.006849999999999999,66.66666666666667,70.33333333333333,286.3333333333333
0.215,0.49607685241373484,0.18885741265344666,0.2733712374243436,0.21549430508599662,0.2233728886515176,0.006733333333333334,66.66666666666667,68.0,286.3333333333333
0.22,0.5074008406291871,0.18885741265344666,0.27506411121608854,0.21591359378998765,0.2239362878913179,0.006583333333333333,66.66666666666667,65.0,286.3333333333333
0.225,0.5177761658441842,0.1879131255901794,0.2755602088619795,0.21529404558664167,0.22343536626805352,0.006416666666666667,66.33333333333333,62.0,286.6666666666667
0.23,0.5242603134443741,0.18696883852691215,0.27548853251223404,0.21453463634675093,0.22274637811772355,0.0063,66.0,60.0,287.0
0.235,0.5249041520515539,0.182247403210576,0.2704288701731157,0.20957651463908364,0.21774067805579791,0.0061333333333333335,64.33333333333333,58.333333333333336,288.6666666666667
0.24,0.5324181235589928,0.182247403210576,0.2713730831339269,0.2098005836005776,0.218043503697153,0.00605,64.33333333333333,56.666666666666664,288.6666666666667
0.245,0.5400568181818182,0.182247403210576,0.272332320652176,0.2100282107195506,0.21835113898187375,0.005966666666666666,64.33333333333333,55.0,288.6666666666667
0.25,0.5508640444219884,0.1813031161473088,0.27266870106568125,0.2093568512038223,0.21778278119394676,0.005816666666666667,64.0,52.333333333333336,289.0
0.255,0.5550467977345448,0.1784702549575071,0.26992487016808503,0.20644085825973887,0.2148608238988637,0.005683333333333333,63.0,50.666666666666664,290.0
0.26,0.5581662489557225,0.1784702549575071,0.27031336900558695,0.2065327616112045,0.21498508521932588,0.00565,63.0,50.0,290.0
0.265,0.568904733610616,0.1765816808309726,0.26935821098773166,0.20478994395263558,0.21331011271064718,0.005483333333333333,62.333333333333336,47.333333333333336,290.6666666666667
0.27,0.5692267948022424,0.17563739376770537,0.26832772059553917,0.20379127869480787,0.21229994146440878,0.00545,62.0,47.0,291.0
0.275,0.570978254351867,0.17563739376770537,0.2685240685240685,0.203836635810821,0.2123614622584372,0.005433333333333334,62.0,46.666666666666664,291.0
0.28,0.5789383510622449,0.17469310670443816,0.26825569500480967,0.20300972096676906,0.21158500758839174,0.005333333333333333,61.666666666666664,45.0,291.3333333333333
0.285,0.5827936687749772,0.17374881964117092,0.2675978549649849,0.20209586162875004,0.21069009600734886,0.005266666666666666,61.333333333333336,44.0,291.6666666666667
0.29,0.5854456514833873,0.17186024551463644,0.26566988644031847,0.20012442788893745,0.20870575038112674,0.005183333333333334,60.666666666666664,43.0,292.3333333333333
0.295,0.5892996192187567,0.17186024551463644,0.26605628317477187,0.2002116751472408,0.20882444302975064,0.00515,60.666666666666664,42.333333333333336,292.3333333333333
0.3,0.5956196581196581,0.17091595845136923,0.26554836990865516,0.19932683850889657,0.20796988432414054,0.005066666666666666,60.333333333333336,41.0,292.6666666666667
0.305,0.5950945324476239,0.16902738432483475,0.26321010860484545,0.19725841197258412,0.205854365717388,0.005016666666666667,59.666666666666664,40.666666666666664,293.3333333333333
0.31,0.5901804648549961,0.1643059490084986,0.25700536383223604,0.19200627894624767,0.20045528380851171,0.004916666666666666,58.0,40.333333333333336,295.0
0.315,0.5886548167654158,0.16052880075542963,0.2522380095386767,0.18784698539819442,0.19619406030922884,0.004816666666666666,56.666666666666664,39.666666666666664,296.3333333333333
0.32,0.5968782683400568,0.16052880075542963,0.2529887380937154,0.18801335662617533,0.19642094743090113,0.00475,56.666666666666664,38.333333333333336,296.3333333333333
0.325,0.6003552252152476,0.15864022662889518,0.25095058505293405,0.18600849502514924,0.19439263988460884,0.004666666666666667,56.0,37.333333333333336,297.0
0.33,0.6060052253600641,0.1567516525023607,0.2490687298256967,0.18403658673856826,0.19240956744575202,0.004566666666666667,55.333333333333336,36.0,297.6666666666667
0.335,0.6096301846301846,0.15486307837582625,0.24697740998934162,0.18201739146355908,0.1903621571322127,0.004483333333333333,54.666666666666664,35.0,298.3333333333333
0.34,0.6128029618149726,0.15391879131255903,0.2460316937079651,0.1810290492397195,0.18936759378393067,0.004433333333333333,54.333333333333336,34.333333333333336,298.6666666666667
0.345,0.6093199930107649,0.1501416430594901,0.24090549078462054,0.17678324737708148,0.1849896155859634,0.00435,53.0,34.0,300.0
0.3499999999999999,0.6095044914517532,0.14730878186968838,0.23726427625364963,0.17364215071464914,0.1817654357539751,0.004266666666666666,52.0,33.333333333333336,301.0
0.355,0.6105363313719997,0.14353163361661944,0.23239164960502792,0.16944747671947213,0.1774580455784833,0.00415,50.666666666666664,32.333333333333336,302.3333333333333
0.36000000000000004,0.6206066341567696,0.14069877242681775,0.2293666191588948,0.16643386173717115,0.17440926187123096,0.004,49.666666666666664,30.333333333333332,303.3333333333333
0.365,0.6281088812734382,0.13881019830028327,0.22736823137639697,0.16442732692172213,0.17238045911267005,0.0039000000000000003,49.0,29.0,304.0
0.36999999999999994,0.6319367766736188,0.13786591123701605,0.226346585781108,0.16341843404357007,0.1713584909833794,0.0038500000000000006,48.666666666666664,28.333333333333332,304.3333333333333
0.375,0.6271929824561403,0.13503305004721436,0.22222222222222224,0.16017025089605735,0.16798825256975033,0.0038,47.666666666666664,28.333333333333332,305.3333333333333
0.38000000000000006,0.6283625730994152,0.13408876298394712,0.22101315091969298,0.1591217372545333,0.16691192276116407,0.0037666666666666664,47.333333333333336,28.0,305.6666666666667
0.385,0.6277477477477477,0.13220018885741266,0.21840413812223217,0.15698488138413882,0.1647045271640741,0.0037166666666666667,46.666666666666664,27.666666666666668,306.3333333333333
0.38999999999999996,0.631803035912625,0.1312559017941454,0.21735513261719677,0.15596899154548324,0.1636731651483444,0.0036666666666666666,46.333333333333336,27.0,306.6666666666667
0.395,0.6313589298347161,0.12936732766761094,0.21472967785750138,0.15382793242986545,0.16146012487361497,0.003616666666666667,45.666666666666664,26.666666666666668,307.3333333333333
0.4000000000000001,0.6324690150032616,0.1284230406043437,0.21348660264558658,0.152771484035966,0.16037303348012527,0.003583333333333333,45.333333333333336,26.333333333333332,307.6666666666667
0.405,0.6318082788671023,0.12653446647780925,0.21082203902938845,0.15062164590466476,0.1581480322110007,0.003533333333333333,44.666666666666664,26.0,308.3333333333333
0.41,0.638047138047138,0.12653446647780925,0.21113950114652066,0.15068564766014148,0.1582363689949897,0.0034999999999999996,44.666666666666664,25.333333333333332,308.3333333333333
0.415,0.6396803900325027,0.125590179414542,0.20990092525228923,0.14962945905103317,0.1571497480706168,0.0034666666666666665,44.333333333333336,25.0,308.6666666666667
0.42,0.6439560439560439,0.12464589235127478,0.20882961756422003,0.14860793982769538,0.15611081516411396,0.003416666666666667,44.0,24.333333333333332,309.0
0.425,0.6455026455026455,0.12370160528800755,0.20754909983633385,0.14754225851460465,0.1550112704179291,0.0033833333333333332,43.666666666666664,24.0,309.3333333333333
0.43,0.6483970760414627,0.12181303116147309,0.2050566666087993,0.1454268279574057,0.15283381098109544,0.003316666666666667,43.0,23.333333333333332,310.0
0.435,0.646621003293523,0.12086874409820585,0.20363824286033308,0.1443341586506918,0.15169687763853237,0.0032999999999999995,42.666666666666664,23.333333333333332,310.3333333333333
0.44,0.6497964104996837,0.11898016997167138,0.2010938769231874,0.1422064790739709,0.1495028166031978,0.0032333333333333333,42.0,22.666666666666668,311.0
0.445,0.6542448046034112,0.11803588290840415,0.19996380191685606,0.14117123192908532,0.1484452595325258,0.0031833333333333336,41.666666666666664,22.0,311.3333333333333
0.45,0.6575043195108984,0.11614730878186968,0.19732447117572258,0.13902227154066418,0.1462221839223534,0.003116666666666667,41.0,21.333333333333332,312.0
0.455,0.664709249084249,0.11614730878186968,0.19763524471306307,0.13908369671449464,0.14630717082132375,0.0030833333333333333,41.0,20.666666666666668,312.0
0.46,0.6591247462215204,0.11331444759206799,0.19326752549177853,0.13578068740391339,0.14286225770552255,0.0030333333333333336,40.0,20.666666666666668,313.0
0.465,0.6631944444444443,0.11142587346553352,0.19068254210310057,0.13364302373375472,0.1406547164649867,0.0029666666666666674,39.333333333333336,20.0,313.6666666666667
0.47,0.6618078408313303,0.10859301227573182,0.1864771247215655,0.13037166230098604,0.13725366407287007,0.0029,38.333333333333336,19.666666666666668,314.6666666666667
0.4749999999999999,0.6598596623781839,0.1076487252124646,0.18500860922144344,0.12926793506343345,0.13610163031689304,0.0028833333333333332,38.0,19.666666666666668,315.0
0.48,0.666991933385376,0.10576015108593012,0.1824575391878864,0.12713490266200853,0.1339008451116074,0.0028000000000000004,37.333333333333336,18.666666666666668,315.6666666666667
0.48500000000000004,0.6731961259079903,0.1048158640226629,0.18129131685643216,0.12608991502530106,0.13283025212707564,0.0027500000000000003,37.0,18.0,316.0
0.49,0.6730180364363273,0.10103871576959396,0.17551401403178765,0.12169025924557675,0.12824385857031703,0.0026499999999999996,35.666666666666664,17.333333333333332,317.3333333333333
0.49499999999999994,0.6875497690715081,0.10009442870632672,0.17462509847016347,0.12069820695183076,0.1272468232558702,0.0025666666666666667,35.333333333333336,16.0,317.6666666666667
0.5,0.6878193701723113,0.09820585457979225,0.17174870014344026,0.11850071623195435,0.12495687475782706,0.0025166666666666666,34.666666666666664,15.666666666666666,318.3333333333333
0.505,0.6878193701723113,0.09820585457979225,0.17174870014344026,0.11850071623195435,0.12495687475782706,0.0025166666666666666,34.666666666666664,15.666666666666666,318.3333333333333
0.51,0.6819706498951782,0.09537299338999056,0.16726364693117254,0.11517240211264657,0.12147730359249669,0.002466666666666667,33.666666666666664,15.666666666666666,319.3333333333333
0.515,0.6847222222222222,0.09254013220018886,0.1630131893313298,0.11188800359004149,0.11805890010390545,0.0023833333333333332,32.666666666666664,15.0,320.3333333333333
0.52,0.6872678149273894,0.09159584513692164,0.16162770735935064,0.11079879839972369,0.1169272705615191,0.00235,32.333333333333336,14.666666666666666,320.6666666666667
0.525,0.6872678149273894,0.09159584513692164,0.16162770735935064,0.11079879839972369,0.1169272705615191,0.00235,32.333333333333336,14.666666666666666,320.6666666666667
0.53,0.6997458150769575,0.0906515580736544,0.16047641333111867,0.10975291336185818,0.11585606443770506,0.002283333333333333,32.0,13.666666666666666,321.0
0.535,0.706251030842817,0.08876298394711991,0.15767676767676767,0.10756791004524587,0.11358382862437628,0.0022166666666666667,31.333333333333332,13.0,321.6666666666667
0.54,0.7035571254232628,0.08498583569405099,0.15164006501959934,0.10311569606638112,0.1089249126277327,0.0021333333333333334,30.0,12.666666666666666,323.0
0.545,0.7199848742673473,0.08498583569405099,0.15201934745081955,0.10318580903435559,0.10902271352362096,0.0020833333333333333,30.0,11.666666666666666,323.0
0.55,0.7108609547633936,0.08120868744098207,0.1457577955039884,0.09869074796174933,0.10430424463211348,0.0020166666666666666,28.666666666666668,11.666666666666666,324.3333333333333
0.555,0.7044096728307254,0.0764872521246459,0.1379781296299912,0.09307974243233885,0.09841721934211423,0.0019166666666666666,27.0,11.333333333333334,326.0
0.56,0.7151866151866152,0.07554296506137866,0.13661586352229305,0.09199227649011991,0.09728844144971809,0.0018666666666666666,26.666666666666668,10.666666666666666,326.3333333333333
0.565,0.7124338624338624,0.07459867799811142,0.13501632053457524,0.09086191669413439,0.09609967143783038,0.00185,26.333333333333332,10.666666666666666,326.6666666666667
0.57,0.7173400673400673,0.07365439093484419,0.13352067393450048,0.08974996331487219,0.09493670683793709,0.0018166666666666667,26.0,10.333333333333334,327.0
0.575,0.7233229733229732,0.07365439093484419,0.13364184199459983,0.08977211326497152,0.0949676451585277,0.0018000000000000002,26.0,10.0,327.0
0.58,0.7248547248547249,0.07176581680830972,0.1305776638237511,0.08753595399404406,0.09262442692298974,0.0017499999999999998,25.333333333333332,9.666666666666666,327.6666666666667
0.585,0.7195767195767195,0.06987724268177527,0.12735866947564933,0.08527136178584971,0.09024151547864716,0.0017166666666666667,24.666666666666668,9.666666666666666,328.3333333333333
0.59,0.7107843137254902,0.06704438149197357,0.12252312717428997,0.08187326071603264,0.08666544231001995,0.0016666666666666668,23.666666666666668,9.666666666666666,329.3333333333333
0.595,0.7107843137254902,0.06704438149197357,0.12252312717428997,0.08187326071603264,0.08666544231001995,0.0016666666666666668,23.666666666666668,9.666666666666666,329.3333333333333
0.6,0.7080961416824794,0.06610009442870633,0.12089524117140397,0.08073745625612845,0.08546910979236788,0.0016499999999999998,23.333333333333332,9.666666666666666,329.6666666666667
0.605,0.7022578728461082,0.06421152030217185,0.11763884669299363,0.07846581755106707,0.08307638957227245,0.0016166666666666666,22.666666666666668,9.666666666666666,330.3333333333333
0.61,0.6894079841799531,0.06043437204910293,0.11110409376158568,0.0739185684905329,0.07828539437416933,0.00155,21.333333333333332,9.666666666666666,331.6666666666667
0.615,0.6894079841799531,0.06043437204910293,0.11110409376158568,0.0739185684905329,0.07828539437416933,0.00155,21.333333333333332,9.666666666666666,331.6666666666667
0.62,0.6894079841799531,0.06043437204910293,0.11110409376158568,0.0739185684905329,0.07828539437416933,0.00155,21.333333333333332,9.666666666666666,331.6666666666667
0.625,0.6859357619577308,0.059490084985835696,0.10947118435665555,0.0727819398126645,0.07708789546814614,0.0015333333333333334,21.0,9.666666666666666,332.0
0.63,0.7020833333333334,0.059490084985835696,0.10966256799196088,0.07281562736256414,0.07713515967251645,0.0015000000000000002,21.0,9.0,332.0
0.635,0.7060533651931502,0.058545797922568456,0.10809957743575649,0.07169110333727079,0.07595467715180736,0.0014666666666666665,20.666666666666668,8.666666666666666,332.3333333333333
0.64,0.7101319710515113,0.05760151085930123,0.10654525806402874,0.07056816328303302,0.07477640767888057,0.0014333333333333333,20.333333333333332,8.333333333333334,332.6666666666667
0.645,0.718342151675485,0.05760151085930123,0.1066368696492298,0.07058422723039466,0.0747989557965637,0.0014166666666666668,20.333333333333332,8.0,332.6666666666667
0.65,0.7123015873015873,0.053824362606232294,0.10005314322447095,0.06602702981533065,0.06999422085289563,0.0013333333333333333,19.0,7.666666666666667,334.0
0.655,0.722567287784679,0.053824362606232294,0.1001330950652445,0.0660407794554136,0.07001356421405495,0.0013166666666666667,19.0,7.333333333333333,334.0
0.66,0.7337662337662337,0.053824362606232294,0.10021347331583552,0.0660545482721215,0.07003294336311652,0.0013,19.0,7.0,334.0
0.665,0.7357334024000691,0.05193578847969783,0.09697683963647025,0.06378560059239848,0.06764412819896208,0.00125,18.333333333333332,6.666666666666667,334.6666666666667
0.67,0.7357334024000691,0.05193578847969783,0.09697683963647025,0.06378560059239848,0.06764412819896208,0.00125,18.333333333333332,6.666666666666667,334.6666666666667
0.6750000000000002,0.7347374847374848,0.049102927289896126,0.09201300696481245,0.060362652496963216,0.06403356690790045,0.0011833333333333331,17.333333333333332,6.333333333333333,335.6666666666667
0.68,0.7398245614035087,0.047214353163361665,0.08869432247259462,0.05807866840721701,0.06162374961776845,0.0011333333333333332,16.666666666666668,6.0,336.3333333333333
0.685,0.7195484254307783,0.042492917847025496,0.08016141340279272,0.05232822202641923,0.05554222802200411,0.00105,15.0,6.0,338.0
0.69,0.7261904761904762,0.04154863078375826,0.07849426144582727,0.051184683208744676,0.05433517607882529,0.0010166666666666666,14.666666666666666,5.666666666666667,338.3333333333333
0.695,0.7358523119392685,0.04154863078375826,0.07856951023714358,0.051197624046469804,0.05435338159521055,0.0009999999999999998,14.666666666666666,5.333333333333333,338.3333333333333
0.6999999999999998,0.7477570738440303,0.04060434372049103,0.07687112813070669,0.050048496793885754,0.053138501920026136,0.0009666666666666666,14.333333333333334,5.0,338.6666666666667
0.705,0.7488344988344989,0.03871576959395656,0.07346903216669841,0.04775000885100794,0.050708305575898886,0.0009166666666666668,13.666666666666666,4.666666666666667,339.3333333333333
0.71,0.7488344988344989,0.03871576959395656,0.07346903216669841,0.04775000885100794,0.050708305575898886,0.0009166666666666668,13.666666666666666,4.666666666666667,339.3333333333333
0.715,0.7401195295932138,0.0368271954674221,0.07004250989692866,0.045447437877907726,0.04827234677980946,0.0008833333333333333,13.0,4.666666666666667,340.0
0.7200000000000001,0.7473544973544973,0.03588290840415487,0.06833355678322457,0.04429664183745352,0.04705509563775989,0.00085,12.666666666666666,4.333333333333333,340.3333333333333
0.725,0.7425925925925926,0.03493862134088763,0.06661793024501485,0.04314495137026678,0.0458365462264394,0.0008333333333333334,12.333333333333334,4.333333333333333,340.6666666666667
0.73,0.7297536771220982,0.03305004721435316,0.06310673839584369,0.040827819256773944,0.04338010161485101,0.0008,11.666666666666666,4.333333333333333,341.3333333333333
0.735,0.7734204793028322,0.032105760151085926,0.06147200051088303,0.039689314972247335,0.04218021733015359,0.0007333333333333332,11.333333333333334,3.3333333333333335,341.6666666666667
0.7399999999999999,0.7592592592592592,0.029272898961284235,0.056251777987393135,0.03622138510576644,0.03850651801527161,0.0006833333333333334,10.333333333333334,3.3333333333333335,342.6666666666667
0.745,0.7913105413105413,0.028328611898016998,0.05460799105772055,0.035081279940893474,0.03730438912484005,0.0006333333333333333,10.0,2.6666666666666665,343.0
0.75,0.8092592592592592,0.02644003777148253,0.051100486805059825,0.03276430607162114,0.03484824142554419,0.0005833333333333333,9.333333333333334,2.3333333333333335,343.6666666666667
0.755,0.8064102564102565,0.023607176581680833,0.04582419427753015,0.029286683160626353,0.03116091226797184,0.0005166666666666667,8.333333333333334,2.0,344.6666666666667
0.7600000000000001,0.8064102564102565,0.023607176581680833,0.04582419427753015,0.029286683160626353,0.03116091226797184,0.0005166666666666667,8.333333333333334,2.0,344.6666666666667
0.765,0.8333333333333334,0.02077431539187913,0.04048165153731882,0.025797713794094217,0.027457610945016465,0.00044999999999999993,7.333333333333333,1.6666666666666667,345.6666666666667
0.77,0.8055555555555555,0.018885741265344664,0.03682935998157122,0.02345691772477752,0.024967778688957987,0.0004166666666666666,6.666666666666667,1.6666666666666667,346.3333333333333
0.775,0.8424242424242424,0.01794145420207743,0.03506376718667222,0.0222964036039211,0.023736850850452042,0.00038333333333333334,6.333333333333333,1.3333333333333333,346.6666666666667
0.7799999999999999,0.8592592592592592,0.016052880075542963,0.03148219523608874,0.019967142148666,0.021263344572329174,0.0003333333333333333,5.666666666666667,1.0,347.3333333333333
0.785,0.8592592592592592,0.016052880075542963,0.03148219523608874,0.019967142148666,0.021263344572329174,0.0003333333333333333,5.666666666666667,1.0,347.3333333333333
0.79,0.9166666666666666,0.014164305949008499,0.027860973903068607,0.01763132063328515,0.01878056792842035,0.0002833333333333333,5.0,0.6666666666666666,348.0
0.795,0.9523809523809524,0.013220018885741267,0.02604007560381925,0.016461754437857048,0.017536832934670236,0.00025,4.666666666666667,0.3333333333333333,348.3333333333333
0.8000000000000002,0.9444444444444445,0.012275731822474031,0.02421401556048901,0.015291359903077693,0.016291923410818764,0.0002333333333333333,4.333333333333333,0.3333333333333333,348.6666666666667
0.805,0.9444444444444445,0.012275731822474031,0.02421401556048901,0.015291359903077693,0.016291923410818764,0.0002333333333333333,4.333333333333333,0.3333333333333333,348.6666666666667
0.81,0.9444444444444445,0.0113314447592068,0.022351906577000064,0.014115169593486411,0.015038797251543945,0.00021666666666666666,4.0,0.3333333333333333,349.0
0.815,0.9444444444444445,0.0113314447592068,0.022351906577000064,0.014115169593486411,0.015038797251543945,0.00021666666666666666,4.0,0.3333333333333333,349.0
0.82,0.9333333333333332,0.009442870632672332,0.018674312644773598,0.011770251870416451,0.012543130297621788,0.00018333333333333334,3.3333333333333335,0.3333333333333333,349.6666666666667
0.8249999999999998,0.9333333333333332,0.009442870632672332,0.018674312644773598,0.011770251870416451,0.012543130297621788,0.00018333333333333334,3.3333333333333335,0.3333333333333333,349.6666666666667
0.83,0.9166666666666666,0.007554296506137866,0.014976086969049368,0.009422020945923681,0.010042765615593948,0.00015,2.6666666666666665,0.3333333333333333,350.3333333333333
0.835,0.9166666666666666,0.0066100094428706326,0.013113977985560419,0.008245830636332399,0.008789639456319128,0.00013333333333333334,2.3333333333333335,0.3333333333333333,350.6666666666667
0.84,0.9166666666666666,0.0066100094428706326,0.013113977985560419,0.008245830636332399,0.008789639456319128,0.00013333333333333334,2.3333333333333335,0.3333333333333333,350.6666666666667
0.8450000000000001,1.0,0.0056657223796034,0.011257085244065592,0.007070470972113101,0.007537692161444364,0.0001,2.0,0.0,351.0
0.85,1.0,0.0056657223796034,0.011257085244065592,0.007070470972113101,0.007537692161444364,0.0001,2.0,0.0,351.0
0.855,1.0,0.004721435316336166,0.009394976260576641,0.005894280662521817,0.006284566002169545,8.333333333333333e-05,1.6666666666666667,0.0,351.3333333333333
0.86,1.0,0.003777148253068933,0.0075223468873504675,0.004716425540036563,0.005029075453914961,6.666666666666667e-05,1.3333333333333333,0.0,351.6666666666667
0.8649999999999999,1.0,0.003777148253068933,0.0075223468873504675,0.004716425540036563,0.005029075453914961,6.666666666666667e-05,1.3333333333333333,0.0,351.6666666666667
0.87,0.6666666666666666,0.0028328611898017,0.005639107715975703,0.0035369020675194603,0.0037712138186948353,5e-05,1.0,0.0,352.0
0.875,0.3333333333333333,0.0018885741265344666,0.0037558685446009384,0.002357378595002357,0.0025133521834747098,3.3333333333333335e-05,0.6666666666666666,0.0,352.3333333333333
0.88,0.3333333333333333,0.0009442870632672333,0.001883239171374765,0.001179523472517103,0.0012578616352201257,1.6666666666666667e-05,0.3333333333333333,0.0,352.6666666666667
0.8850000000000001,0.3333333333333333,0.0009442870632672333,0.001883239171374765,0.001179523472517103,0.0012578616352201257,1.6666666666666667e-05,0.3333333333333333,0.0,352.6666666666667
0.89,0.0,0.0,0.0,0.0,0.0,0.0,0.0,0.0,353.0
0.895,0.0,0.0,0.0,0.0,0.0,0.0,0.0,0.0,353.0
0.9,0.0,0.0,0.0,0.0,0.0,0.0,0.0,0.0,353.0
0.9049999999999999,0.0,0.0,0.0,0.0,0.0,0.0,0.0,0.0,353.0
0.91,0.0,0.0,0.0,0.0,0.0,0.0,0.0,0.0,353.0
0.915,0.0,0.0,0.0,0.0,0.0,0.0,0.0,0.0,353.0
0.92,0.0,0.0,0.0,0.0,0.0,0.0,0.0,0.0,353.0
0.9250000000000002,0.0,0.0,0.0,0.0,0.0,0.0,0.0,0.0,353.0
0.93,0.0,0.0,0.0,0.0,0.0,0.0,0.0,0.0,353.0
0.935,0.0,0.0,0.0,0.0,0.0,0.0,0.0,0.0,353.0
0.94,0.0,0.0,0.0,0.0,0.0,0.0,0.0,0.0,353.0
0.945,0.0,0.0,0.0,0.0,0.0,0.0,0.0,0.0,353.0
0.9499999999999998,0.0,0.0,0.0,0.0,0.0,0.0,0.0,0.0,353.0
0.955,0.0,0.0,0.0,0.0,0.0,0.0,0.0,0.0,353.0
0.96,0.0,0.0,0.0,0.0,0.0,0.0,0.0,0.0,353.0
0.965,0.0,0.0,0.0,0.0,0.0,0.0,0.0,0.0,353.0
0.9700000000000001,0.0,0.0,0.0,0.0,0.0,0.0,0.0,0.0,353.0
0.975,0.0,0.0,0.0,0.0,0.0,0.0,0.0,0.0,353.0
0.98,0.0,0.0,0.0,0.0,0.0,0.0,0.0,0.0,353.0
0.985,0.0,0.0,0.0,0.0,0.0,0.0,0.0,0.0,353.0
0.9899999999999999,0.0,0.0,0.0,0.0,0.0,0.0,0.0,0.0,353.0
0.995,0.0,0.0,0.0,0.0,0.0,0.0,0.0,0.0,353.0
