feature,gain_share_%,times_used_in_splits,avg_cover
new_device,17.748,49,233.094
transactions_last_24h,15.107,39,209.262
transactions_last_1h,12.368,32,194.305
is_high_risk_merchant,8.978,4,96.682
spend_last_24h,5.914,45,159.282
transaction_amount,5.788,77,186.609
account_age,5.375,104,157.059
merchant_category_risk,4.52,32,116.604
transaction_channel_risk,4.31,18,109.01
merchant_category,3.688,87,182.803
country_risk,3.169,31,156.726
transaction_channel,2.484,41,176.93
country,2.42,73,191.886
transaction_hour,2.266,92,177.129
spike_ratio,1.755,52,137.606
share_of_24h_spend,1.471,27,164.523
avg_spend_per_txn_24h,1.437,46,173.815
urgency_ratio,1.201,38,82.617
transactions_last_24h_missing,0.0,0,0.0
transaction_amount_missing,0.0,0,0.0
transaction_hour_missing,0.0,0,0.0
transaction_channel_missing,0.0,0,0.0
country_missing,0.0,0,0.0
merchant_category_missing,0.0,0,0.0
transactions_last_1h_missing,0.0,0,0.0
account_age_missing,0.0,0,0.0
new_device_missing,0.0,0,0.0
spend_last_24h_missing,0.0,0,0.0
is_new_account,0.0,0,0.0
